frame,openness,energy
0,4.6670,0.011452
1,4.6892,0.152356
2,4.4923,0.211634
3,4.4164,0.216632
4,4.3761,0.216418
5,4.8443,0.157096
6,4.9892,0.147583
7,5.3120,0.170680
8,5.5803,0.171253
9,5.4799,0.168718
10,6.2520,0.104672
11,6.0627,0.100769
12,5.9764,0.127349
13,5.9517,0.138465
14,6.3449,0.134940
15,5.6391,0.097588
16,5.6590,0.056794
17,5.7020,0.014462
18,5.9297,0.001989
19,6.4650,0.000258
20,6.9531,0.000000
21,4.8988,0.000000
22,4.8988,0.000000
23,7.1162,0.000000
24,6.5239,0.000207
25,6.2388,0.000271
26,5.6091,0.001654
27,5.4838,0.002416
28,5.4622,0.089543
29,5.1800,0.200873
30,5.3285,0.205096
31,5.4971,0.205381
32,4.9711,0.185410
33,3.9644,0.050144
34,4.5654,0.031700
35,4.8151,0.034094
36,4.3945,0.034106
37,4.4549,0.034013
38,5.9025,0.036819
39,7.1492,0.035992
40,7.6021,0.037760
41,7.3903,0.032895
42,7.3801,0.029200
43,5.3226,0.044451
44,4.4931,0.060883
45,4.4366,0.064606
46,4.5351,0.064445
47,3.9448,0.054126
48,3.4258,0.031970
49,7.1537,0.025619
50,7.1318,0.025591
51,6.8285,0.043545
52,4.1222,0.048943
53,3.3771,0.047352
54,5.5491,0.045753
55,5.8209,0.027871
56,5.4777,0.025582
57,6.0104,0.035785
58,7.1614,0.037395
59,5.3332,0.046183
60,3.8586,0.058115
61,3.8932,0.057098
62,3.9562,0.057449
63,4.0684,0.051005
64,4.0032,0.029420
65,4.9330,0.019593
66,6.3290,0.018996
67,7.2054,0.021020
68,6.9781,0.021337
69,7.4283,0.020699
70,6.7732,0.022721
71,6.1169,0.034253
72,5.9517,0.040509
73,5.8908,0.040744
74,5.7994,0.038068
75,6.8895,0.025754
76,6.2999,0.026512
77,3.1832,0.044352
78,2.7245,0.053356
79,2.6678,0.053443
80,3.1160,0.048901
81,3.0075,0.035163
82,3.9940,0.045016
83,5.3966,0.052190
84,5.2754,0.052548
85,5.2109,0.052192
86,5.0645,0.033064
87,6.1963,0.019031
88,7.3512,0.015793
89,7.8097,0.010731
90,5.4745,0.047090
91,3.9278,0.070326
92,2.8399,0.071864
93,2.8100,0.074239
94,2.9495,0.059749
95,2.9284,0.043075
96,7.2065,0.045975
97,7.0413,0.043392
98,6.7838,0.042208
99,4.4175,0.035123
100,6.1678,0.031422
101,6.2756,0.030914
102,5.2992,0.029375
103,6.8552,0.021346
104,6.9200,0.015794
105,7.1956,0.026230
106,6.5577,0.030421
107,7.0834,0.031484
108,6.5296,0.031422
109,5.3758,0.021161
110,5.4388,0.013679
111,6.2006,0.007578
112,6.6374,0.003029
113,7.0730,0.000405
114,7.2557,0.000043
115,7.7068,0.000000
116,4.8988,0.000000
117,4.8988,0.000000
118,4.8988,0.000000
119,4.8988,0.000000
120,4.8988,0.000000
121,4.8988,0.000000
122,4.8988,0.000000
123,4.8988,0.000000
124,4.8988,0.000000
125,4.8988,0.000000
126,4.8988,0.000000
127,4.8988,0.000000
128,4.8988,0.000000
129,4.8988,0.000000
130,7.2550,0.000016
131,6.6894,0.000031
132,4.4184,0.002758
133,4.5002,0.020411
134,4.2554,0.058526
135,3.8014,0.077931
136,3.2421,0.080454
137,2.8513,0.081217
138,2.9378,0.063014
139,6.6974,0.048136
140,7.1826,0.046029
141,7.1556,0.040716
142,6.9000,0.036938
143,5.3151,0.024189
144,6.2635,0.020757
145,5.3819,0.022393
146,5.2341,0.107737
147,5.2739,0.163252
148,5.5159,0.177073
149,5.5662,0.177164
150,6.1225,0.142177
151,4.8555,0.070533
152,4.4288,0.026118
153,4.6509,0.048270
154,5.3425,0.056150
155,5.5702,0.057982
156,5.7411,0.054652
157,5.9986,0.035616
158,5.3440,0.024450
159,6.3206,0.023908
160,6.6107,0.027954
161,6.9275,0.029146
162,6.3192,0.026314
163,5.8932,0.031787
164,3.8848,0.055539
165,3.9318,0.072957
166,3.6088,0.074825
167,3.1135,0.071681
168,3.2535,0.054896
169,3.4660,0.064654
170,4.2262,0.066553
171,4.5444,0.067214
172,5.1502,0.066430
173,5.5670,0.030554
174,5.2095,0.026350
175,5.5873,0.034975
176,6.5025,0.035157
177,6.4520,0.034880
178,6.7834,0.030917
179,6.7720,0.017573
180,6.9672,0.022103
181,6.5142,0.032900
182,6.8565,0.037000
183,6.6781,0.038342
184,4.3757,0.035107
185,6.7361,0.023846
186,7.0299,0.020986
187,6.4724,0.018648
188,3.1438,0.022371
189,2.9136,0.036426
190,3.6339,0.043907
191,4.9579,0.047558
192,4.6085,0.047561
193,5.2476,0.039270
194,5.7696,0.028202
195,6.8135,0.024499
196,4.2743,0.029032
197,4.9063,0.040783
198,5.1009,0.051059
199,4.5735,0.049923
200,3.4916,0.045799
201,5.2100,0.035824
202,5.2019,0.041955
203,5.2695,0.044715
204,5.2900,0.044738
205,5.2126,0.044680
206,5.3508,0.061077
207,4.1638,0.084272
208,3.8851,0.089305
209,5.1581,0.088990
210,5.6254,0.068737
211,4.6412,0.036088
212,4.2851,0.033616
213,4.2498,0.037689
214,4.7355,0.040553
215,3.5622,0.039229
216,6.0862,0.033491
217,6.9218,0.031273
218,6.7207,0.051015
219,6.9372,0.057734
220,4.9803,0.056128
221,4.9074,0.054947
222,4.7191,0.049221
223,5.1678,0.110175
224,5.1178,0.123840
225,5.0651,0.124203
226,5.1810,0.119099
227,5.1514,0.060497
228,5.2304,0.051686
229,4.2224,0.060793
230,4.0902,0.062049
231,4.7757,0.061752
232,4.0526,0.037443
233,4.2884,0.014583
234,4.2606,0.005648
235,5.8228,0.001217
236,6.3561,0.000160
237,6.4426,0.000032
238,7.0061,0.000003
239,18.2671,0.000000
240,4.8988,0.000000
241,4.8988,0.000000
242,4.8988,0.000000
243,4.8988,0.000000
244,4.8988,0.000000
245,4.8988,0.000000
246,4.8988,0.000000
247,4.8988,0.000000
248,4.8988,0.000000
249,4.8988,0.000000
250,4.8988,0.000000
251,4.8988,0.000000
252,4.8988,0.000000
253,7.4866,0.000017
254,6.7939,0.000033
255,5.2586,0.002507
256,4.1522,0.020777
257,4.8763,0.033027
258,6.1486,0.050855
259,7.2082,0.054241
260,6.5174,0.051261
261,6.2842,0.044574
262,6.5407,0.022519
263,6.3997,0.028865
264,6.0524,0.058978
265,6.2085,0.079237
266,4.3691,0.080191
267,3.2580,0.076266
268,3.7088,0.055426
269,4.8911,0.016743
270,7.0864,0.011293
271,6.5106,0.041394
272,6.1976,0.063567
273,6.0263,0.066614
274,6.1078,0.067451
275,7.0168,0.055651
276,6.9615,0.030556
277,6.6758,0.031998
278,6.6928,0.038118
279,6.5437,0.035623
280,6.5922,0.039204
281,6.5687,0.034430
282,6.8877,0.031191
283,6.7126,0.035024
284,6.6510,0.031895
285,5.7722,0.033815
286,4.5732,0.038027
287,5.5779,0.076466
288,5.9222,0.094702
289,5.8634,0.104325
290,6.2014,0.104453
291,6.7639,0.079228
292,6.0400,0.054080
293,5.3458,0.026858
294,5.5859,0.006930
295,5.8564,0.001774
296,6.2270,0.000271
297,6.3557,0.000147
298,6.9832,0.000000
299,4.8988,0.000000
300,4.8988,0.000000
301,7.1165,0.000063
302,6.1064,0.000098
303,5.3578,0.000209
304,4.6013,0.000449
305,4.8518,0.003625
306,5.0252,0.058979
307,6.0542,0.091515
308,5.8739,0.097857
309,5.3125,0.097949
310,4.5543,0.078790
311,5.6940,0.044770
312,6.5551,0.088615
313,6.5016,0.092235
314,5.9371,0.093289
315,5.5457,0.090663
316,4.6897,0.039346
317,6.0742,0.034546
318,6.0420,0.038781
319,5.3035,0.045881
320,2.9663,0.042350
321,2.9862,0.038714
322,6.0727,0.030530
323,5.6532,0.023656
324,5.4193,0.040294
325,3.0750,0.070710
326,3.0457,0.079200
327,4.9890,0.076479
328,3.9338,0.070010
329,2.8205,0.040534
330,6.4270,0.030465
331,6.4469,0.039953
332,6.5566,0.040184
333,6.5663,0.040637
334,6.7128,0.040264
335,7.3638,0.033194
336,7.4665,0.036192
337,6.8949,0.036818
338,3.7381,0.030372
339,2.7267,0.030691
340,3.1054,0.026455
341,4.7427,0.033354
342,6.9956,0.042143
343,6.8128,0.041868
344,7.0550,0.046068
345,6.6884,0.050647
346,6.6730,0.042472
347,5.1989,0.040916
348,3.6530,0.042192
349,5.2303,0.048830
350,5.4033,0.049478
351,5.2766,0.049263
352,3.9499,0.042368
353,6.0107,0.011282
354,6.9533,0.014124
355,5.1529,0.056315
356,3.4834,0.065689
357,2.7795,0.066647
358,2.9416,0.068479
359,2.8453,0.046993
360,5.3477,0.035728
361,6.9037,0.039632
362,6.8612,0.036692
363,5.5108,0.029163
364,3.9062,0.025064
365,3.9867,0.013375
366,3.7216,0.001985
367,3.6419,0.000169
368,4.6517,0.000041
369,6.2389,0.000033
370,7.1139,0.000000
371,4.8988,0.000000
372,4.8988,0.000000
373,4.8988,0.000000
374,4.8988,0.000000
375,4.8988,0.000000
376,4.8988,0.000000
377,4.8988,0.000000
378,4.8988,0.000000
379,4.8988,0.000000
380,4.8988,0.000000
381,4.8988,0.000000
382,4.8988,0.000000
383,4.8988,0.000000
384,6.7594,0.000029
385,6.2788,0.000044
386,5.7198,0.000264
387,5.4307,0.036801
388,5.5380,0.078152
389,5.2789,0.105852
390,5.4212,0.106138
391,5.5895,0.100544
392,5.3252,0.082095
393,5.8938,0.050482
394,6.0094,0.051117
395,5.6100,0.049566
396,6.0578,0.032831
397,6.3478,0.018077
398,3.7419,0.057341
399,3.5033,0.073513
400,3.4549,0.076548
401,3.8994,0.076438
402,5.5059,0.052588
403,5.7913,0.089130
404,5.0965,0.147545
405,4.3282,0.163211
406,4.7754,0.163706
407,4.5203,0.139871
408,3.3944,0.075343
409,4.3802,0.037083
410,6.0591,0.037338
411,6.0845,0.036493
412,2.6943,0.031640
413,3.0131,0.021475
414,3.5640,0.030300
415,3.5115,0.044734
416,3.5813,0.047593
417,3.9720,0.046447
418,4.5241,0.039250
419,4.6047,0.021468
420,5.2290,0.015278
421,6.5890,0.018835
422,6.8364,0.020295
423,7.3744,0.020783
424,6.8289,0.023134
425,5.7723,0.033325
426,4.8659,0.043512
427,5.2790,0.047566
428,6.1142,0.045540
429,6.7642,0.036406
430,6.2657,0.034993
431,5.5944,0.053820
432,5.5283,0.076091
433,5.5005,0.078974
434,5.6379,0.074227
435,5.8275,0.082669
436,5.7034,0.086146
437,5.8149,0.087105
438,5.7437,0.087394
439,5.5990,0.065213
440,5.7918,0.029807
441,6.6399,0.021813
442,6.4540,0.034662
443,5.5816,0.039016
444,6.5674,0.037487
445,4.6512,0.034717
446,2.7652,0.020150
447,5.7706,0.008124
448,7.5369,0.015774
449,5.1424,0.041404
450,5.3374,0.054503
451,5.2119,0.063784
452,5.2124,0.062886
453,5.1571,0.049836
454,5.2330,0.034771
455,5.2751,0.009339
456,5.4480,0.000814
457,6.1172,0.000201
458,6.8843,0.000000
459,4.8988,0.000000
460,9.0434,0.000000
461,6.1213,0.000094
462,5.4572,0.000129
463,5.4655,0.000272
464,5.7912,0.013295
465,3.8628,0.042888
466,3.9879,0.063777
467,3.9529,0.074898
468,3.3714,0.089665
469,3.4029,0.115318
470,4.2105,0.117737
471,5.4571,0.112255
472,5.4547,0.100051
473,5.4413,0.055796
474,5.9146,0.020543
475,7.1838,0.014301
476,4.7001,0.042653
477,4.9210,0.070086
478,4.5763,0.075695
479,5.0631,0.075700
480,4.8505,0.064045
481,2.9177,0.033513
482,3.1778,0.054485
483,4.4317,0.062907
484,4.1747,0.064861
485,4.8117,0.064093
486,5.2919,0.037012
487,6.3156,0.019641
488,6.3639,0.021930
489,6.3010,0.029482
490,6.3503,0.029748
491,6.4005,0.036175
492,6.6115,0.032761
493,6.8181,0.029117
494,6.8992,0.035550
495,7.8923,0.030179
496,7.2800,0.028936
497,5.9132,0.025314
498,6.0274,0.013969
499,6.0983,0.012718
500,6.3238,0.016076
501,6.3075,0.018082
502,6.8264,0.017839
503,7.1798,0.019944
504,7.2735,0.018985
505,7.1066,0.022221
506,6.6905,0.028998
507,7.4264,0.033081
508,6.1394,0.031919
509,6.2882,0.029008
510,6.6839,0.022480
511,6.7762,0.020145
512,5.6395,0.046950
513,5.0864,0.057771
514,5.5213,0.059568
515,6.5584,0.059734
516,6.6592,0.046298
517,6.3643,0.032364
518,6.7111,0.031722
519,7.0311,0.034412
520,7.4864,0.030304
521,7.1574,0.056257
522,5.8000,0.076027
523,4.2549,0.075536
524,4.6258,0.075256
525,4.9936,0.059848
526,4.9323,0.060638
527,4.9201,0.068747
528,4.7347,0.069231
529,4.3974,0.067585
530,5.5163,0.041082
531,5.7709,0.032624
532,6.0626,0.064930
533,6.3492,0.076363
534,5.9988,0.076940
535,6.3177,0.071041
536,6.1097,0.042942
537,6.3108,0.068331
538,6.1250,0.092802
539,5.6057,0.096373
540,5.6705,0.096544
541,5.7842,0.070227
542,3.9753,0.040513
543,4.4823,0.044247
544,4.3908,0.043068
545,3.8460,0.042673
546,4.0140,0.035242
547,4.8036,0.028337
548,4.5448,0.058804
549,3.7699,0.076868
550,3.6140,0.076684
551,3.7385,0.073330
552,4.9365,0.055257
553,6.1418,0.032026
554,5.6128,0.033668
555,5.4371,0.032907
556,5.3989,0.026817
557,5.6812,0.016482
558,5.7007,0.003921
559,4.2630,0.000256
560,4.5143,0.000040
561,5.8743,0.000029
562,6.6758,0.000008
563,18.2347,0.000000
564,4.8988,0.000000
565,4.8988,0.000000
566,4.8988,0.000000
567,4.8988,0.000000
568,4.8988,0.000000
569,4.8988,0.000000
570,4.8988,0.000000
571,4.8988,0.000000
572,4.8988,0.000000
573,4.8988,0.000000
574,4.8988,0.000000
575,4.8988,0.000000
576,7.7650,0.000000
577,6.7791,0.000024
578,5.0419,0.001958
579,4.0927,0.021323
580,3.6364,0.027904
581,4.9562,0.034491
582,6.7292,0.039823
583,6.8253,0.034055
584,6.4509,0.029153
585,6.6802,0.022345
586,6.0169,0.027033
587,4.3531,0.040776
588,3.4369,0.045356
589,5.1304,0.047377
590,5.0063,0.041836
591,5.4382,0.032106
592,6.1127,0.030037
593,6.7908,0.027515
594,6.1414,0.024923
595,6.2385,0.020355
596,6.2414,0.012558
597,5.1153,0.021160
598,4.8346,0.035471
599,7.0259,0.038472
600,6.9581,0.038802
601,7.2094,0.038323
602,7.3208,0.028602
603,6.9384,0.029805
604,7.2435,0.043416
605,7.2244,0.045269
606,7.3361,0.046350
607,7.2234,0.043797
608,6.5059,0.031696
609,5.2156,0.032846
610,3.4523,0.047636
611,3.6911,0.051073
612,3.3538,0.050881
613,3.8688,0.045404
614,3.8946,0.026142
615,6.0618,0.019720
616,6.7341,0.021100
617,6.6689,0.019636
618,3.9369,0.034046
619,3.9012,0.077714
620,4.5913,0.080713
621,5.1036,0.080674
622,5.0346,0.075319
623,5.1349,0.026822
624,6.0252,0.026007
625,5.3537,0.032626
626,4.1182,0.033381
627,3.5099,0.032427
628,3.7692,0.021226
629,3.9772,0.007836
630,4.3800,0.000978
631,5.4308,0.000138
632,6.4828,0.000000
633,4.8988,0.000000
634,4.8988,0.000000
635,4.8988,0.000000
636,6.3828,0.000094
637,5.6294,0.000097
638,4.0701,0.009495
639,3.5375,0.019648
640,5.4522,0.021026
641,5.0507,0.061372
642,5.9186,0.081356
643,4.4446,0.083916
644,4.1820,0.083600
645,3.8638,0.100296
646,5.1757,0.141486
647,5.5817,0.156306
648,5.8466,0.162589
649,6.7523,0.142145
650,5.5837,0.085486
651,6.0250,0.046834
652,5.6892,0.017374
653,5.1530,0.058167
654,4.3566,0.088144
655,4.4833,0.090096
656,4.2494,0.090122
657,4.5076,0.077438
658,4.3901,0.107498
659,4.3682,0.118116
660,4.7755,0.119608
661,6.0905,0.115523
662,6.3522,0.059816
663,5.0685,0.036423
664,5.9253,0.033780
665,6.1888,0.035205
666,6.2646,0.033365
667,6.4066,0.024984
668,5.4335,0.021532
669,3.6014,0.033244
670,4.0122,0.044700
671,3.5800,0.053789
672,3.6109,0.059686
673,4.1181,0.053778
674,3.8302,0.044314
675,3.6891,0.032793
676,5.2081,0.019403
677,6.2984,0.019079
678,5.4481,0.029656
679,5.1253,0.037896
680,4.9730,0.117388
681,4.8682,0.155613
682,5.1545,0.161950
683,5.5064,0.160938
684,5.7558,0.116624
685,5.9529,0.059894
686,6.3526,0.049416
687,5.9940,0.068482
688,5.3814,0.070707
689,4.9712,0.066187
690,5.5756,0.058063
691,5.7758,0.030096
692,6.5044,0.045711
693,5.8942,0.075097
694,6.8833,0.075390
695,4.8159,0.075383
696,5.3786,0.063877
697,6.7979,0.023636
698,5.4983,0.053965
699,5.0644,0.071804
700,5.1203,0.072348
701,5.1614,0.072030
702,4.7362,0.049099
703,3.9359,0.016949
704,7.7132,0.022249
705,7.9947,0.029295
706,8.3804,0.037024
707,7.4371,0.035953
708,7.2196,0.031192
709,5.8484,0.024634
710,5.6312,0.009004
711,5.7990,0.000355
712,6.0517,0.000154
713,7.5835,0.000000
714,4.8988,0.000000
715,12.2044,0.000000
716,6.8149,0.000061
717,6.5243,0.000068
718,5.1039,0.003881
719,4.4856,0.126118
720,3.9544,0.171723
721,3.7061,0.187052
722,3.9402,0.189506
723,6.2301,0.142397
724,6.9586,0.082258
725,6.9316,0.041208
726,7.0866,0.031798
727,6.6920,0.046735
728,5.7083,0.057979
729,5.5622,0.057179
730,4.3604,0.055785
731,5.7071,0.043065
732,5.6071,0.130564
733,5.5071,0.170046
734,5.6856,0.186664
735,5.7230,0.186394
736,5.7094,0.135459
737,5.4819,0.079531
738,4.8358,0.029851
739,2.9122,0.037792
740,2.6542,0.038869
741,2.6610,0.040943
742,2.6761,0.039327
743,7.0039,0.038302
744,6.7766,0.045960
745,6.6184,0.043657
746,4.0114,0.038058
747,4.4338,0.030340
748,4.2452,0.012007
749,3.8703,0.001095
750,3.9988,0.000162
751,4.9082,0.000034
752,5.9994,0.000026
753,7.0492,0.000000
754,4.8988,0.000000
755,4.8988,0.000000
756,4.8988,0.000000
757,4.8988,0.000000
758,4.8988,0.000000
759,4.8988,0.000000
760,4.8988,0.000000
761,4.8988,0.000000
762,4.8988,0.000000
763,4.8988,0.000000
764,4.8988,0.000000
765,4.8988,0.000000
766,4.8988,0.000000
767,7.2618,0.000016
768,6.9116,0.000029
769,4.4206,0.002289
770,4.5067,0.017915
771,4.2580,0.061643
772,3.7323,0.083012
773,3.1474,0.083067
774,3.0184,0.106062
775,5.1745,0.137661
776,5.2693,0.131858
777,5.2722,0.132190
778,5.3940,0.113773
779,5.0504,0.043286
780,4.1897,0.027164
781,6.3489,0.035953
782,6.5486,0.036290
783,5.9435,0.035641
784,6.5799,0.030297
785,7.1550,0.017016
786,6.9945,0.021598
787,6.5610,0.031452
788,6.5514,0.036291
789,6.8499,0.037857
790,4.7099,0.035051
791,7.1563,0.025966
792,7.4473,0.022354
793,7.2365,0.034544
794,5.2153,0.120613
795,4.6051,0.138332
796,4.4628,0.139803
797,4.5902,0.136847
798,5.1930,0.074962
799,6.0049,0.037561
800,6.8219,0.033741
801,7.5357,0.048600
802,7.6474,0.047740
803,7.5093,0.048971
804,7.9493,0.047350
805,7.2872,0.037331
806,7.0754,0.040449
807,6.6107,0.034726
808,6.5213,0.034681
809,5.9652,0.029367
810,5.5851,0.060885
811,5.8013,0.176359
812,6.1406,0.200616
813,5.6755,0.202834
814,5.6666,0.194333
815,5.7299,0.103868
816,5.8012,0.077017
817,5.5574,0.099023
818,5.3187,0.108829
819,5.6640,0.107003
820,5.5246,0.083740
821,6.0588,0.046913
822,5.9878,0.052134
823,6.6376,0.171753
824,6.0796,0.184719
825,5.8654,0.185760
826,5.2535,0.179282
827,5.7832,0.074617
828,5.8750,0.035847
829,7.0625,0.037397
830,7.3249,0.036945
831,6.6986,0.037635
832,2.8531,0.048970
833,4.6056,0.071142
834,4.8878,0.075954
835,4.9199,0.073968
836,4.9388,0.064508
837,5.8831,0.038766
838,5.6390,0.053404
839,4.5151,0.065193
840,4.7199,0.071285
841,6.7622,0.068755
842,6.1346,0.050405
843,5.9514,0.032523
844,6.3232,0.013984
845,6.0344,0.005781
846,6.2501,0.000950
847,6.6664,0.000089
848,6.9451,0.000000
849,4.8988,0.000000
850,4.8988,0.000000
851,7.2359,0.000000
852,5.6019,0.000107
853,4.7357,0.000126
854,4.9955,0.000687
855,5.1562,0.035896
856,5.5335,0.061409
857,5.2932,0.065727
858,5.3619,0.067192
859,5.4316,0.057528
860,6.0297,0.030546
861,5.0599,0.023776
862,4.7364,0.024576
863,5.8590,0.029569
864,6.1319,0.029055
865,6.5835,0.025818
866,6.9659,0.022175
867,6.8880,0.012736
868,6.9498,0.026520
869,6.3455,0.032359
870,6.1458,0.034881
871,6.2618,0.035984
872,6.1003,0.026291
873,6.1523,0.039774
874,6.4525,0.060647
875,6.1052,0.064574
876,6.0709,0.064510
877,5.6813,0.066938
878,5.3931,0.092693
879,4.9405,0.097456
880,5.1920,0.097592
881,5.6769,0.089432
882,5.5038,0.042937
883,5.6132,0.024690
884,6.5224,0.058931
885,5.4985,0.069358
886,5.0452,0.068055
887,3.3052,0.066398
888,4.0078,0.052457
889,5.5453,0.056801
890,6.4841,0.064486
891,5.5441,0.064611
892,5.6020,0.054346
893,6.2094,0.039147
894,5.5156,0.040345
895,3.8780,0.042276
896,4.1208,0.042259
897,4.7253,0.037048
898,2.7648,0.016397
899,4.0475,0.023829
900,6.4279,0.036432
901,6.2806,0.040819
902,6.5557,0.041225
903,6.5314,0.040493
904,7.0635,0.034485
905,6.7975,0.032862
906,6.3319,0.038939
907,6.1002,0.035621
908,6.1384,0.031405
909,6.1512,0.027675
910,3.9637,0.017256
911,7.2687,0.011638
912,7.5441,0.010587
913,6.7956,0.028543
914,4.6472,0.046345
915,2.8164,0.062697
916,3.4550,0.066573
917,4.9376,0.061380
918,4.6693,0.049499
919,3.3212,0.039438
920,3.3600,0.047242
921,3.2237,0.052020
922,2.7542,0.053177
923,2.8364,0.043995
924,4.7787,0.034908
925,6.6669,0.029377
926,7.6679,0.037260
927,6.9887,0.041735
928,6.5121,0.035549
929,3.6919,0.037831
930,3.2115,0.059939
931,4.7339,0.069843
932,5.0350,0.072491
933,4.8486,0.070757
934,5.4864,0.050515
935,5.8283,0.032060
936,4.8393,0.043319
937,4.8427,0.056118
938,4.5108,0.055918
939,4.6127,0.054547
940,4.5962,0.041816
941,3.3273,0.019537
942,4.5395,0.002670
943,5.0361,0.000311
944,5.8361,0.000056
945,6.7587,0.000014
946,7.3655,0.000000
947,4.8988,0.000000
948,4.8988,0.000000
949,4.8988,0.000000
950,4.8988,0.000000
951,4.8988,0.000000
952,4.8988,0.000000
953,4.8988,0.000000
954,4.8988,0.000000
955,4.8988,0.000000
956,4.8988,0.000000
957,4.8988,0.000000
958,4.8988,0.000000
959,4.8988,0.000000
960,7.7296,0.000000
961,6.8174,0.000023
962,5.8571,0.000043
963,4.7661,0.009703
964,4.2450,0.096617
965,4.0123,0.129447
966,3.9468,0.131240
967,4.8354,0.130990
968,3.7495,0.090198
969,5.6601,0.034726
970,7.0997,0.030241
971,6.7576,0.047238
972,4.2024,0.067010
973,3.3981,0.069431
974,2.7312,0.068651
975,2.9370,0.058360
976,3.1158,0.032314
977,5.7507,0.018945
978,7.1948,0.022486
979,6.3441,0.022437
980,5.5692,0.020394
981,4.7976,0.033088
982,4.2802,0.034647
983,5.6970,0.035372
984,4.6029,0.046334
985,4.6163,0.093712
986,4.5170,0.116715
987,4.8786,0.117649
988,4.8919,0.114198
989,4.8829,0.076886
990,6.4913,0.030728
991,7.4468,0.032367
992,7.8499,0.039166
993,7.7235,0.039152
994,7.3866,0.038326
995,6.6955,0.032824
996,6.4508,0.021629
997,7.2778,0.012159
998,6.8202,0.004236
999,6.7867,0.000303
1000,6.7388,0.000101
1001,6.8475,0.000000
1002,4.8988,0.000000
1003,4.8988,0.000000
1004,7.2667,0.000039
1005,5.9644,0.000080
1006,4.8190,0.000194
1007,3.4692,0.003951
1008,3.2598,0.005658
1009,4.4040,0.036665
1010,3.7136,0.069509
1011,3.6733,0.075180
1012,2.7927,0.076780
1013,2.8236,0.071437
1014,2.7889,0.043547
1015,7.0390,0.048689
1016,6.9323,0.054525
1017,7.1748,0.051114
1018,6.3229,0.048455
1019,6.4202,0.032751
1020,6.7458,0.022077
1021,6.7494,0.022635
1022,7.0044,0.029951
1023,7.4208,0.030995
1024,6.8634,0.028268
1025,5.6121,0.057766
1026,2.9517,0.136653
1027,4.2724,0.143301
1028,4.0673,0.144223
1029,4.3642,0.135607
1030,5.6383,0.074355
1031,5.7955,0.090730
1032,5.4195,0.096377
1033,5.4328,0.095586
1034,5.5658,0.079527
1035,4.6709,0.041315
1036,5.4022,0.021364
1037,5.5351,0.044942
1038,5.5950,0.055841
1039,5.4767,0.059319
1040,5.9017,0.058185
1041,6.4631,0.041315
1042,5.4543,0.023345
1043,5.4139,0.009947
1044,5.8312,0.006791
1045,6.3254,0.001100
1046,7.0023,0.000104
1047,7.0057,0.000000
1048,4.8988,0.000000
1049,4.8988,0.000000
1050,7.6713,0.000000
1051,6.7270,0.000089
1052,5.2087,0.000099
1053,4.3315,0.007073
1054,4.8345,0.042296
1055,4.9772,0.072784
1056,5.1026,0.077760
1057,4.4415,0.078350
1058,5.6216,0.067504
1059,5.6961,0.034364
1060,6.4778,0.022969
1061,7.0769,0.021751
1062,7.6463,0.019273
1063,6.3729,0.015472
1064,5.3926,0.018231
1065,5.5082,0.049193
1066,5.8340,0.072089
1067,5.8796,0.077227
1068,6.8053,0.076794
1069,6.8201,0.061284
1070,6.5738,0.037397
1071,6.2428,0.062774
1072,5.7456,0.072978
1073,5.1723,0.074059
1074,3.2254,0.072306
1075,2.9006,0.045437
1076,2.9071,0.050412
1077,3.1008,0.060624
1078,3.3588,0.060635
1079,5.4894,0.060419
1080,3.6495,0.047175
1081,3.3035,0.037580
1082,6.8487,0.038954
1083,6.3525,0.038147
1084,5.9738,0.030069
1085,6.0376,0.019767
1086,6.3161,0.008113
1087,5.9515,0.002836
1088,6.1553,0.000265
1089,6.2096,0.000115
1090,6.8167,0.000000
1091,4.8988,0.000000
1092,4.8988,0.000000
1093,6.2335,0.000100
1094,5.3067,0.000155
1095,4.2419,0.000190
1096,5.7554,0.001557
1097,6.3002,0.016403
1098,6.1712,0.030408
1099,6.0692,0.037726
1100,6.2067,0.039212
1101,6.3968,0.038285
1102,6.3862,0.039245
1103,3.7170,0.057797
1104,3.7686,0.062510
1105,3.7121,0.062220
1106,3.7413,0.058323
1107,2.7837,0.037057
1108,2.7262,0.053208
1109,2.7483,0.060079
1110,2.8571,0.059774
1111,5.1538,0.058500
1112,4.0062,0.043575
1113,3.1845,0.039207
1114,6.3522,0.036937
1115,5.7325,0.035308
1116,5.8713,0.025070
1117,5.9953,0.007281
1118,6.5398,0.001489
1119,6.7547,0.000088
1120,6.1675,0.000029
1121,6.4609,0.000021
1122,7.3682,0.000000
1123,4.8988,0.000000
1124,4.8988,0.000000
1125,4.8988,0.000000
1126,4.8988,0.000000
1127,4.8988,0.000000
1128,4.8988,0.000000
1129,4.8988,0.000000
1130,4.8988,0.000000
1131,4.8988,0.000000
1132,4.8988,0.000000
1133,4.8988,0.000000
1134,4.8988,0.000000
1135,4.8988,0.000000
1136,7.2511,0.000017
1137,6.6240,0.000029
1138,4.7752,0.000299
1139,4.1615,0.003062
1140,4.4260,0.090359
1141,3.7726,0.168266
1142,3.6583,0.198456
1143,3.7863,0.206852
1144,4.6997,0.188217
1145,4.0873,0.123642
1146,4.0237,0.065931
1147,5.8408,0.031407
1148,3.8310,0.033958
1149,4.5283,0.050207
1150,4.9132,0.050841
1151,5.6267,0.052263
1152,6.5145,0.042127
1153,7.0609,0.020010
1154,6.9911,0.043875
1155,6.0914,0.060926
1156,5.9141,0.065837
1157,5.6173,0.066702
1158,5.2126,0.053179
1159,5.0789,0.032358
1160,5.8622,0.021071
1161,6.0780,0.023745
1162,3.9660,0.036965
1163,3.4971,0.052735
1164,3.6547,0.061223
1165,3.9526,0.060715
1166,3.9260,0.052839
1167,3.7817,0.034248
1168,4.1411,0.013525
1169,5.6142,0.002568
1170,5.9873,0.000250
1171,5.8903,0.000145
1172,6.2962,0.000064
1173,8.2849,0.000000
1174,4.8988,0.000000
1175,4.8988,0.000000
1176,6.2298,0.000090
1177,5.4185,0.000096
1178,3.8255,0.006761
1179,4.3821,0.038748
1180,3.7574,0.071935
1181,3.4091,0.088985
1182,2.6760,0.090171
1183,2.7868,0.084721
1184,2.7171,0.061169
1185,6.6263,0.048987
1186,6.7871,0.051883
1187,6.8427,0.048072
1188,6.8039,0.046716
1189,6.9858,0.032202
1190,8.1722,0.026544
1191,6.5934,0.034335
1192,4.0548,0.047626
1193,2.9383,0.049455
1194,2.9670,0.047275
1195,5.9407,0.040603
1196,5.5515,0.025367
1197,5.3214,0.030904
1198,6.3971,0.036662
1199,6.5469,0.039733
1200,4.1164,0.052488
1201,4.3286,0.056232
1202,3.9383,0.055750
1203,4.0082,0.054626
1204,4.4250,0.040829
1205,4.3231,0.024278
1206,6.0513,0.018741
1207,6.3257,0.019854
1208,6.7442,0.021588
1209,6.9774,0.021068
1210,6.7423,0.021420
1211,6.3083,0.025393
1212,6.0251,0.038441
1213,5.9681,0.040853
1214,5.0047,0.039698
1215,6.8744,0.035451
1216,7.3835,0.018942
1217,5.9627,0.034848
1218,2.8641,0.050562
1219,2.9471,0.053760
1220,2.9051,0.054341
1221,3.3871,0.043760
1222,3.3921,0.034939
1223,5.2510,0.047970
1224,5.4709,0.050989
1225,5.3537,0.051830
1226,5.9391,0.046493
1227,5.6626,0.027134
1228,6.7442,0.018257
1229,7.6813,0.014389
1230,6.1556,0.036966
1231,5.1704,0.066952
1232,4.2028,0.071025
1233,2.7727,0.072710
1234,2.8269,0.065248
1235,3.0194,0.044582
1236,7.2608,0.048923
1237,6.9408,0.048213
1238,6.6956,0.046701
1239,5.2491,0.040691
1240,6.1186,0.037484
1241,6.1670,0.037092
1242,5.5204,0.036523
1243,5.9010,0.032277
1244,7.3007,0.018363
1245,7.3299,0.022692
1246,7.0594,0.031259
1247,7.1939,0.033722
1248,7.2700,0.034534
1249,6.7808,0.030140
1250,5.4408,0.019174
1251,4.8212,0.012659
1252,6.3782,0.008623
1253,6.2768,0.003882
1254,6.6140,0.000181
1255,6.5862,0.000110
1256,6.8397,0.000000
1257,4.8988,0.000000
1258,4.8988,0.000000
1259,6.6155,0.000085
1260,5.8535,0.000097
1261,4.7539,0.000323
1262,4.7352,0.018485
1263,5.0948,0.054597
1264,4.9769,0.066398
1265,4.8790,0.068984
1266,5.0929,0.067643
1267,5.5443,0.044838
1268,5.6389,0.027097
1269,4.3225,0.023735
1270,6.2564,0.027393
1271,6.3884,0.031050
1272,6.4333,0.029459
1273,6.5725,0.029268
1274,4.4810,0.041920
1275,4.0786,0.044719
1276,3.6976,0.047001
1277,3.2826,0.047047
1278,4.0564,0.035011
1279,6.8235,0.030959
1280,6.5882,0.052719
1281,6.2480,0.059609
1282,3.8567,0.059488
1283,3.7606,0.057538
1284,6.4208,0.035429
1285,6.0243,0.020566
1286,6.1245,0.073597
1287,6.4920,0.081095
1288,6.3769,0.082513
1289,6.3420,0.081999
1290,6.0412,0.097502
1291,6.1117,0.167146
1292,5.7152,0.186740
1293,5.7123,0.187935
1294,5.5640,0.165285
1295,5.4111,0.094725
1296,5.2035,0.060985
1297,4.6966,0.060775
1298,5.1468,0.060765
1299,6.3334,0.049297
1300,6.4944,0.039936
1301,6.4575,0.077503
1302,5.8991,0.093588
1303,4.9764,0.094838
1304,5.2363,0.089316
1305,5.0125,0.056666
1306,3.5991,0.041659
1307,3.6639,0.042078
1308,3.0919,0.041316
1309,3.7317,0.040629
1310,3.9443,0.021651
1311,3.8520,0.039000
1312,3.5917,0.057816
1313,3.2103,0.059002
1314,2.9994,0.058596
1315,2.9120,0.047260
1316,2.9777,0.039717
1317,4.1950,0.071017
1318,4.9796,0.073502
1319,3.5301,0.072582
1320,4.8294,0.063843
1321,5.2066,0.020747
1322,4.7690,0.002770
1323,5.6055,0.000300
1324,6.9249,0.000122
